mcc;public_mcc_description;Prometis_label
742;Veterinary Services;CULTURAL AND RECREATIONAL SERVICES
763;Agricultural Co-operatives;GARDEN PRODUCTS AND PETS
780;Horticultural Services, Landscaping Services;SERVICES FOR MAINTENANCE, REPAIR AND SECURITY OF THE DWELLING
1520;General Contractors-Residential and Commercial;SERVICES FOR MAINTENANCE, REPAIR AND SECURITY OF THE DWELLING
1711;Air Conditioning Contractors – Sales and Installation, Heating Contractors – Sales, Service, Installation;SERVICES FOR MAINTENANCE, REPAIR AND SECURITY OF THE DWELLING
1731;Electrical Contractors;SERVICES FOR MAINTENANCE, REPAIR AND SECURITY OF THE DWELLING
1740;Insulation – Contractors, Masonry, Stonework Contractors, Plastering Contractors, Stonework and Masonry Contractors, Tile Settings Contractors;SERVICES FOR MAINTENANCE, REPAIR AND SECURITY OF THE DWELLING
1750;Carpentry Contractors;SERVICES FOR MAINTENANCE, REPAIR AND SECURITY OF THE DWELLING
1761;Roofing – Contractors, Sheet Metal Work – Contractors, Siding – Contractors;SERVICES FOR MAINTENANCE, REPAIR AND SECURITY OF THE DWELLING
1771;Contractors – Concrete Work;SERVICES FOR MAINTENANCE, REPAIR AND SECURITY OF THE DWELLING
1799;Contractors – Special Trade, Not Elsewhere Classified;SERVICES FOR MAINTENANCE, REPAIR AND SECURITY OF THE DWELLING
2741;Miscellaneous Publishing and Printing;CULTURAL AND RECREATIONAL SERVICES
2791;Typesetting, Plate Making, & Related Services;CULTURAL AND RECREATIONAL SERVICES
2842;Specialty Cleaning, Polishing, and Sanitation Preparations;DOMESTIC SERVICES AND HOUSEHOLD SERVICES
3000;UNITED AIRLINES;PASSENGER TRANSPORT SERVICES - AIR
3001;AMERICAN AIRLINES;PASSENGER TRANSPORT SERVICES - AIR
3002;PAN AMERICAN;PASSENGER TRANSPORT SERVICES - AIR
3003;Airlines;PASSENGER TRANSPORT SERVICES - AIR
3004;TRANS WORLD AIRLINES;PASSENGER TRANSPORT SERVICES - AIR
3005;BRITISH AIRWAYS;PASSENGER TRANSPORT SERVICES - AIR
3006;JAPAN AIRLINES;PASSENGER TRANSPORT SERVICES - AIR
3007;AIR FRANCE;PASSENGER TRANSPORT SERVICES - AIR
3008;LUFTHANSA;PASSENGER TRANSPORT SERVICES - AIR
3009;AIR CANADA;PASSENGER TRANSPORT SERVICES - AIR
3010;KLM (ROYAL DUTCH AIRLINES);PASSENGER TRANSPORT SERVICES - AIR
3011;AEORFLOT;PASSENGER TRANSPORT SERVICES - AIR
3012;QANTAS;PASSENGER TRANSPORT SERVICES - AIR
3013;ALITALIA;PASSENGER TRANSPORT SERVICES - AIR
3014;SAUDIA ARABIAN AIRLINES;PASSENGER TRANSPORT SERVICES - AIR
3015;SWISSAIR;PASSENGER TRANSPORT SERVICES - AIR
3016;SAS;PASSENGER TRANSPORT SERVICES - AIR
3017;SOUTH AFRICAN AIRWAYS;PASSENGER TRANSPORT SERVICES - AIR
3018;VARIG (BRAZIL);PASSENGER TRANSPORT SERVICES - AIR
3019;Airlines;PASSENGER TRANSPORT SERVICES - AIR
3020;AIR-INDIA;PASSENGER TRANSPORT SERVICES - AIR
3021;AIR ALGERIE;PASSENGER TRANSPORT SERVICES - AIR
3022;PHILIPPINE AIRLINES;PASSENGER TRANSPORT SERVICES - AIR
3023;MEXICANA;PASSENGER TRANSPORT SERVICES - AIR
3024;PAKISTAN INTERNATIONAL;PASSENGER TRANSPORT SERVICES - AIR
3025;AIR NEW ZEALAND;PASSENGER TRANSPORT SERVICES - AIR
3026;Airlines;PASSENGER TRANSPORT SERVICES - AIR
3027;UTA/INTERAIR;PASSENGER TRANSPORT SERVICES - AIR
3028;AIR MALTA;PASSENGER TRANSPORT SERVICES - AIR
3029;SABENA;PASSENGER TRANSPORT SERVICES - AIR
3030;AEROLINEAS ARGENTINAS;PASSENGER TRANSPORT SERVICES - AIR
3031;OLYMPIC AIRWAYS;PASSENGER TRANSPORT SERVICES - AIR
3032;EL AL;PASSENGER TRANSPORT SERVICES - AIR
3033;ANSETT AIRLINES;PASSENGER TRANSPORT SERVICES - AIR
3034;AUSTRAINLIAN AIRLINES;PASSENGER TRANSPORT SERVICES - AIR
3035;TAP (PORTUGAL);PASSENGER TRANSPORT SERVICES - AIR
3036;VASP (BRAZIL);PASSENGER TRANSPORT SERVICES - AIR
3037;EGYPTAIR;PASSENGER TRANSPORT SERVICES - AIR
3038;KUWAIT AIRLINES;PASSENGER TRANSPORT SERVICES - AIR
3039;AVIANCA;PASSENGER TRANSPORT SERVICES - AIR
3040;GULF AIR (BAHRAIN);PASSENGER TRANSPORT SERVICES - AIR
3041;BALKAN-BULGARIAN AIRLINES;PASSENGER TRANSPORT SERVICES - AIR
3042;FINNAIR;PASSENGER TRANSPORT SERVICES - AIR
3043;AER LINGUS;PASSENGER TRANSPORT SERVICES - AIR
3044;AIR LANKA;PASSENGER TRANSPORT SERVICES - AIR
3045;NIGERIA AIRWAYS;PASSENGER TRANSPORT SERVICES - AIR
3046;CRUZEIRO DO SUL (BRAZIJ);PASSENGER TRANSPORT SERVICES - AIR
3047;THY (TURKEY);PASSENGER TRANSPORT SERVICES - AIR
3048;ROYAL AIR MAROC;PASSENGER TRANSPORT SERVICES - AIR
3049;TUNIS AIR;PASSENGER TRANSPORT SERVICES - AIR
3050;ICELANDAIR;PASSENGER TRANSPORT SERVICES - AIR
3051;AUSTRIAN AIRLINES;PASSENGER TRANSPORT SERVICES - AIR
3052;LANCHILE;PASSENGER TRANSPORT SERVICES - AIR
3053;AVIACO (SPAIN);PASSENGER TRANSPORT SERVICES - AIR
3054;LADECO (CHILE);PASSENGER TRANSPORT SERVICES - AIR
3055;LAB (BOLIVIA);PASSENGER TRANSPORT SERVICES - AIR
3056;QUEBECAIRE;PASSENGER TRANSPORT SERVICES - AIR
3057;EASTWEST AIRLINES (AUSTRALIA);PASSENGER TRANSPORT SERVICES - AIR
3058;DELTA;PASSENGER TRANSPORT SERVICES - AIR
3059;Airlines;PASSENGER TRANSPORT SERVICES - AIR
3060;NORTHWEST;PASSENGER TRANSPORT SERVICES - AIR
3061;CONTINENTAL;PASSENGER TRANSPORT SERVICES - AIR
3062;WESTERN;PASSENGER TRANSPORT SERVICES - AIR
3063;US AIR;PASSENGER TRANSPORT SERVICES - AIR
3064;Airlines;PASSENGER TRANSPORT SERVICES - AIR
3065;AIRINTER;PASSENGER TRANSPORT SERVICES - AIR
3066;SOUTHWEST;PASSENGER TRANSPORT SERVICES - AIR
3067;Airlines;PASSENGER TRANSPORT SERVICES - AIR
3068;Airlines;PASSENGER TRANSPORT SERVICES - AIR
3069;SUN COUNTRY AIRLINES;PASSENGER TRANSPORT SERVICES - AIR
3070;Airlines;PASSENGER TRANSPORT SERVICES - AIR
3071;AIR BRITISH COLUBIA;PASSENGER TRANSPORT SERVICES - AIR
3072;Airlines;PASSENGER TRANSPORT SERVICES - AIR
3073;Airlines;PASSENGER TRANSPORT SERVICES - AIR
3074;Airlines;PASSENGER TRANSPORT SERVICES - AIR
3075;SINGAPORE AIRLINES;PASSENGER TRANSPORT SERVICES - AIR
3076;AEROMEXICO;PASSENGER TRANSPORT SERVICES - AIR
3077;THAI AIRWAYS;PASSENGER TRANSPORT SERVICES - AIR
3078;CHINA AIRLINES;PASSENGER TRANSPORT SERVICES - AIR
3079;Airlines;PASSENGER TRANSPORT SERVICES - AIR
3080;Airlines;PASSENGER TRANSPORT SERVICES - AIR
3081;NORDAIR;PASSENGER TRANSPORT SERVICES - AIR
3082;KOREAN AIRLINES;PASSENGER TRANSPORT SERVICES - AIR
3083;AIR AFRIGUE;PASSENGER TRANSPORT SERVICES - AIR
3084;EVA AIRLINES;PASSENGER TRANSPORT SERVICES - AIR
3085;MIDWEST EXPRESS AIRLINES, INC.;PASSENGER TRANSPORT SERVICES - AIR
3086;Airlines;PASSENGER TRANSPORT SERVICES - AIR
3087;METRO AIRLINES;PASSENGER TRANSPORT SERVICES - AIR
3088;CROATIA AIRLINES;PASSENGER TRANSPORT SERVICES - AIR
3089;TRANSAERO;PASSENGER TRANSPORT SERVICES - AIR
3090;Airlines;PASSENGER TRANSPORT SERVICES - AIR
3091;Airlines;PASSENGER TRANSPORT SERVICES - AIR
3092;Airlines;PASSENGER TRANSPORT SERVICES - AIR
3093;Airlines;PASSENGER TRANSPORT SERVICES - AIR
3094;ZAMBIA AIRWAYS;PASSENGER TRANSPORT SERVICES - AIR
3095;Airlines;PASSENGER TRANSPORT SERVICES - AIR
3096;AIR ZIMBABWE;PASSENGER TRANSPORT SERVICES - AIR
3097;Airlines;PASSENGER TRANSPORT SERVICES - AIR
3098;Airlines;PASSENGER TRANSPORT SERVICES - AIR
3099;CATHAY PACIFIC;PASSENGER TRANSPORT SERVICES - AIR
3100;MALAYSIAN AIRLINE SYSTEM;PASSENGER TRANSPORT SERVICES - AIR
3101;Airlines;PASSENGER TRANSPORT SERVICES - AIR
3102;IBERIA;PASSENGER TRANSPORT SERVICES - AIR
3103;GARUDA (INDONESIA);PASSENGER TRANSPORT SERVICES - AIR
3104;Airlines;PASSENGER TRANSPORT SERVICES - AIR
3105;Airlines;PASSENGER TRANSPORT SERVICES - AIR
3106;BRAATHENS S.A.F.E. (NORWAY);PASSENGER TRANSPORT SERVICES - AIR
3107;Airlines;PASSENGER TRANSPORT SERVICES - AIR
3108;Airlines;PASSENGER TRANSPORT SERVICES - AIR
3109;Airlines;PASSENGER TRANSPORT SERVICES - AIR
3110;WINGS AIRWAYS;PASSENGER TRANSPORT SERVICES - AIR
3111;BRITISH MIDLAND;PASSENGER TRANSPORT SERVICES - AIR
3112;WINDWARD ISLAND;PASSENGER TRANSPORT SERVICES - AIR
3113;Airlines;PASSENGER TRANSPORT SERVICES - AIR
3114;Airlines;PASSENGER TRANSPORT SERVICES - AIR
3115;Airlines;PASSENGER TRANSPORT SERVICES - AIR
3116;Airlines;PASSENGER TRANSPORT SERVICES - AIR
3117;VIASA;PASSENGER TRANSPORT SERVICES - AIR
3118;VALLEY AIRLINES;PASSENGER TRANSPORT SERVICES - AIR
3119;Airlines;PASSENGER TRANSPORT SERVICES - AIR
3120;Airlines;PASSENGER TRANSPORT SERVICES - AIR
3121;Airlines;PASSENGER TRANSPORT SERVICES - AIR
3122;Airlines;PASSENGER TRANSPORT SERVICES - AIR
3123;Airlines;PASSENGER TRANSPORT SERVICES - AIR
3124;Airlines;PASSENGER TRANSPORT SERVICES - AIR
3125;TAN;PASSENGER TRANSPORT SERVICES - AIR
3126;TALAIR;PASSENGER TRANSPORT SERVICES - AIR
3127;TACA INTERNATIONAL;PASSENGER TRANSPORT SERVICES - AIR
3128;Airlines;PASSENGER TRANSPORT SERVICES - AIR
3129;SURINAM AIRWAYS;PASSENGER TRANSPORT SERVICES - AIR
3130;SUN WORLD INTERNATIONAL;PASSENGER TRANSPORT SERVICES - AIR
3131;Airlines;PASSENGER TRANSPORT SERVICES - AIR
3132;Airlines;PASSENGER TRANSPORT SERVICES - AIR
3133;SUNBELT AIRLINES;PASSENGER TRANSPORT SERVICES - AIR
3134;Airlines;PASSENGER TRANSPORT SERVICES - AIR
3135;SUDAN AIRWAYS;PASSENGER TRANSPORT SERVICES - AIR
3136;Airlines;PASSENGER TRANSPORT SERVICES - AIR
3137;SINGLETON;PASSENGER TRANSPORT SERVICES - AIR
3138;SIMMONS AIRLINES;PASSENGER TRANSPORT SERVICES - AIR
3139;Airlines;PASSENGER TRANSPORT SERVICES - AIR
3140;Airlines;PASSENGER TRANSPORT SERVICES - AIR
3141;Airlines;PASSENGER TRANSPORT SERVICES - AIR
3142;Airlines;PASSENGER TRANSPORT SERVICES - AIR
3143;SCENIC AIRLINES;PASSENGER TRANSPORT SERVICES - AIR
3144;VIRGIN ATLANTIC;PASSENGER TRANSPORT SERVICES - AIR
3145;SAN JUAN AIRLINES;PASSENGER TRANSPORT SERVICES - AIR
3146;LUXAIR;PASSENGER TRANSPORT SERVICES - AIR
3147;Airlines;PASSENGER TRANSPORT SERVICES - AIR
3148;Airlines;PASSENGER TRANSPORT SERVICES - AIR
3149;Airlines;PASSENGER TRANSPORT SERVICES - AIR
3150;Airlines;PASSENGER TRANSPORT SERVICES - AIR
3151;AIR ZAIRE;PASSENGER TRANSPORT SERVICES - AIR
3152;Airlines;PASSENGER TRANSPORT SERVICES - AIR
3153;Airlines;PASSENGER TRANSPORT SERVICES - AIR
3154;PRINCEVILLE;PASSENGER TRANSPORT SERVICES - AIR
3155;Airlines;PASSENGER TRANSPORT SERVICES - AIR
3156;Airlines;PASSENGER TRANSPORT SERVICES - AIR
3157;Airlines;PASSENGER TRANSPORT SERVICES - AIR
3158;Airlines;PASSENGER TRANSPORT SERVICES - AIR
3159;PBA;PASSENGER TRANSPORT SERVICES - AIR
3160;Airlines;PASSENGER TRANSPORT SERVICES - AIR
3161;ALL NIPPON AIRWAYS;PASSENGER TRANSPORT SERVICES - AIR
3162;Airlines;PASSENGER TRANSPORT SERVICES - AIR
3163;Airlines;PASSENGER TRANSPORT SERVICES - AIR
3164;NORONTAIR;PASSENGER TRANSPORT SERVICES - AIR
3165;NEW YORK HELICOPTER;PASSENGER TRANSPORT SERVICES - AIR
3166;Airlines;PASSENGER TRANSPORT SERVICES - AIR
3167;Airlines;PASSENGER TRANSPORT SERVICES - AIR
3168;Airlines;PASSENGER TRANSPORT SERVICES - AIR
3169;Airlines;PASSENGER TRANSPORT SERVICES - AIR
3170;NOUNT COOK;PASSENGER TRANSPORT SERVICES - AIR
3171;CANADIAN AIRLINES INTERNATIONAL;PASSENGER TRANSPORT SERVICES - AIR
3172;NATIONAIR;PASSENGER TRANSPORT SERVICES - AIR
3173;Airlines;PASSENGER TRANSPORT SERVICES - AIR
3174;Airlines;PASSENGER TRANSPORT SERVICES - AIR
3175;Airlines;PASSENGER TRANSPORT SERVICES - AIR
3176;METROFLIGHT AIRLINES;PASSENGER TRANSPORT SERVICES - AIR
3177;Airlines;PASSENGER TRANSPORT SERVICES - AIR
3178;MESA AIR;PASSENGER TRANSPORT SERVICES - AIR
3179;Airlines;PASSENGER TRANSPORT SERVICES - AIR
3180;Airlines;PASSENGER TRANSPORT SERVICES - AIR
3181;MALEV;PASSENGER TRANSPORT SERVICES - AIR
3182;LOT (POLAND);PASSENGER TRANSPORT SERVICES - AIR
3183;Airlines;PASSENGER TRANSPORT SERVICES - AIR
3184;LIAT;PASSENGER TRANSPORT SERVICES - AIR
3185;LAV (VENEZUELA);PASSENGER TRANSPORT SERVICES - AIR
3186;LAP (PARAGUAY);PASSENGER TRANSPORT SERVICES - AIR
3187;LACSA (COSTA RICA);PASSENGER TRANSPORT SERVICES - AIR
3188;Airlines;PASSENGER TRANSPORT SERVICES - AIR
3189;Airlines;PASSENGER TRANSPORT SERVICES - AIR
3190;JUGOSLAV AIR;PASSENGER TRANSPORT SERVICES - AIR
3191;ISLAND AIRLINES;PASSENGER TRANSPORT SERVICES - AIR
3192;IRAN AIR;PASSENGER TRANSPORT SERVICES - AIR
3193;INDIAN AIRLINES;PASSENGER TRANSPORT SERVICES - AIR
3194;Airlines;PASSENGER TRANSPORT SERVICES - AIR
3195;Airlines;PASSENGER TRANSPORT SERVICES - AIR
3196;HAWAIIAN AIR;PASSENGER TRANSPORT SERVICES - AIR
3197;HAVASU AIRLINES;PASSENGER TRANSPORT SERVICES - AIR
3198;Airlines;PASSENGER TRANSPORT SERVICES - AIR
3199;Airlines;PASSENGER TRANSPORT SERVICES - AIR
3200;FUYANA AIRWAYS;PASSENGER TRANSPORT SERVICES - AIR
3201;Airlines;PASSENGER TRANSPORT SERVICES - AIR
3202;Airlines;PASSENGER TRANSPORT SERVICES - AIR
3203;GOLDEN PACIFIC AIR;PASSENGER TRANSPORT SERVICES - AIR
3204;FREEDOM AIR;PASSENGER TRANSPORT SERVICES - AIR
3205;Airlines;PASSENGER TRANSPORT SERVICES - AIR
3206;Airlines;PASSENGER TRANSPORT SERVICES - AIR
3207;Airlines;PASSENGER TRANSPORT SERVICES - AIR
3208;Airlines;PASSENGER TRANSPORT SERVICES - AIR
3209;Airlines;PASSENGER TRANSPORT SERVICES - AIR
3210;Airlines;PASSENGER TRANSPORT SERVICES - AIR
3211;Airlines;PASSENGER TRANSPORT SERVICES - AIR
3212;DOMINICANA;PASSENGER TRANSPORT SERVICES - AIR
3213;Airlines;PASSENGER TRANSPORT SERVICES - AIR
3214;Airlines;PASSENGER TRANSPORT SERVICES - AIR
3215;DAN AIR SERVICES;PASSENGER TRANSPORT SERVICES - AIR
3216;CUMBERLAND AIRLINES;PASSENGER TRANSPORT SERVICES - AIR
3217;CSA;PASSENGER TRANSPORT SERVICES - AIR
3218;CROWN AIR;PASSENGER TRANSPORT SERVICES - AIR
3219;COPA;PASSENGER TRANSPORT SERVICES - AIR
3220;COMPANIA FAUCETT;PASSENGER TRANSPORT SERVICES - AIR
3221;TRANSPORTES AEROS MILITARES ECCUATORANOS;PASSENGER TRANSPORT SERVICES - AIR
3222;COMMAND AIRWAYS;PASSENGER TRANSPORT SERVICES - AIR
3223;COMAIR;PASSENGER TRANSPORT SERVICES - AIR
3224;Airlines;PASSENGER TRANSPORT SERVICES - AIR
3225;Airlines;PASSENGER TRANSPORT SERVICES - AIR
3226;Airlines;PASSENGER TRANSPORT SERVICES - AIR
3227;Airlines;PASSENGER TRANSPORT SERVICES - AIR
3228;CAYMAN AIRWAYS;PASSENGER TRANSPORT SERVICES - AIR
3229;SAETA SOCIAEDAD ECUATORIANOS DE TRANSPORTES AEREOS;PASSENGER TRANSPORT SERVICES - AIR
3230;Airlines;PASSENGER TRANSPORT SERVICES - AIR
3231;SASHA SERVICIO AERO DE HONDURAS;PASSENGER TRANSPORT SERVICES - AIR
3232;Airlines;PASSENGER TRANSPORT SERVICES - AIR
3233;CAPITOL AIR;PASSENGER TRANSPORT SERVICES - AIR
3234;BWIA;PASSENGER TRANSPORT SERVICES - AIR
3235;BROKWAY AIR;PASSENGER TRANSPORT SERVICES - AIR
3236;Airlines;PASSENGER TRANSPORT SERVICES - AIR
3237;Airlines;PASSENGER TRANSPORT SERVICES - AIR
3238;BEMIDJI AIRLINES;PASSENGER TRANSPORT SERVICES - AIR
3239;BAR HARBOR AIRLINES;PASSENGER TRANSPORT SERVICES - AIR
3240;BAHAMASAIR;PASSENGER TRANSPORT SERVICES - AIR
3241;AVIATECA (GUATEMALA);PASSENGER TRANSPORT SERVICES - AIR
3242;AVENSA;PASSENGER TRANSPORT SERVICES - AIR
3243;AUSTRIAN AIR SERVICE;PASSENGER TRANSPORT SERVICES - AIR
3244;Airlines;PASSENGER TRANSPORT SERVICES - AIR
3245;Airlines;PASSENGER TRANSPORT SERVICES - AIR
3246;Airlines;PASSENGER TRANSPORT SERVICES - AIR
3247;Airlines;PASSENGER TRANSPORT SERVICES - AIR
3248;Airlines;PASSENGER TRANSPORT SERVICES - AIR
3249;Airlines;PASSENGER TRANSPORT SERVICES - AIR
3250;Airlines;PASSENGER TRANSPORT SERVICES - AIR
3251;ALOHA AIRLINES;PASSENGER TRANSPORT SERVICES - AIR
3252;ALM;PASSENGER TRANSPORT SERVICES - AIR
3253;AMERICA WEST;PASSENGER TRANSPORT SERVICES - AIR
3254;TRUMP AIRLINE;PASSENGER TRANSPORT SERVICES - AIR
3255;Airlines;PASSENGER TRANSPORT SERVICES - AIR
3256;ALASKA AIRLINES;PASSENGER TRANSPORT SERVICES - AIR
3257;Airlines;PASSENGER TRANSPORT SERVICES - AIR
3258;Airlines;PASSENGER TRANSPORT SERVICES - AIR
3259;AMERICAN TRANS AIR;PASSENGER TRANSPORT SERVICES - AIR
3260;Airlines;PASSENGER TRANSPORT SERVICES - AIR
3261;AIR CHINA;PASSENGER TRANSPORT SERVICES - AIR
3262;RENO AIR, INC.;PASSENGER TRANSPORT SERVICES - AIR
3263;Airlines;PASSENGER TRANSPORT SERVICES - AIR
3264;Airlines;PASSENGER TRANSPORT SERVICES - AIR
3265;Airlines;PASSENGER TRANSPORT SERVICES - AIR
3266;AIR SEYCHELLES;PASSENGER TRANSPORT SERVICES - AIR
3267;AIR PANAMA;PASSENGER TRANSPORT SERVICES - AIR
3268;Airlines;PASSENGER TRANSPORT SERVICES - AIR
3269;Airlines;PASSENGER TRANSPORT SERVICES - AIR
3270;Airlines;PASSENGER TRANSPORT SERVICES - AIR
3271;Airlines;PASSENGER TRANSPORT SERVICES - AIR
3272;Airlines;PASSENGER TRANSPORT SERVICES - AIR
3273;Airlines;PASSENGER TRANSPORT SERVICES - AIR
3274;Airlines;PASSENGER TRANSPORT SERVICES - AIR
3275;Airlines;PASSENGER TRANSPORT SERVICES - AIR
3276;Airlines;PASSENGER TRANSPORT SERVICES - AIR
3277;Airlines;PASSENGER TRANSPORT SERVICES - AIR
3278;Airlines;PASSENGER TRANSPORT SERVICES - AIR
3279;Airlines;PASSENGER TRANSPORT SERVICES - AIR
3280;AIR JAMAICA;PASSENGER TRANSPORT SERVICES - AIR
3281;Airlines;PASSENGER TRANSPORT SERVICES - AIR
3282;AIR DJIBOUTI;PASSENGER TRANSPORT SERVICES - AIR
3283;Airlines;PASSENGER TRANSPORT SERVICES - AIR
3284;AERO VIRGIN ISLANDS;PASSENGER TRANSPORT SERVICES - AIR
3285;AERO PERU;PASSENGER TRANSPORT SERVICES - AIR
3286;AEROLINEAS NICARAGUENSIS;PASSENGER TRANSPORT SERVICES - AIR
3287;AERO COACH AVAIATION;PASSENGER TRANSPORT SERVICES - AIR
3288;Airlines;PASSENGER TRANSPORT SERVICES - AIR
3289;Airlines;PASSENGER TRANSPORT SERVICES - AIR
3290;Airlines;PASSENGER TRANSPORT SERVICES - AIR
3291;ARIANA AFGHAN;PASSENGER TRANSPORT SERVICES - AIR
3292;CYPRUS AIRWAYS;PASSENGER TRANSPORT SERVICES - AIR
3293;ECUATORIANA;PASSENGER TRANSPORT SERVICES - AIR
3294;ETHIOPIAN AIRLINES;PASSENGER TRANSPORT SERVICES - AIR
3295;KENYA AIRLINES;PASSENGER TRANSPORT SERVICES - AIR
3296;Airlines;PASSENGER TRANSPORT SERVICES - AIR
3297;Airlines;PASSENGER TRANSPORT SERVICES - AIR
3298;AIR MAURITIUS;PASSENGER TRANSPORT SERVICES - AIR
3299;WIDERO’S FLYVESELSKAP;PASSENGER TRANSPORT SERVICES - AIR
3351;AFFILIATED AUTO RENTAL;PASSENGER TRANSPORT SERVICES - ROAD
3352;AMERICAN INTL RENT-A-CAR;PASSENGER TRANSPORT SERVICES - ROAD
3353;BROOKS RENT-A-CAR;PASSENGER TRANSPORT SERVICES - ROAD
3354;ACTION AUTO RENTAL;PASSENGER TRANSPORT SERVICES - ROAD
3355;Car Rental;PASSENGER TRANSPORT SERVICES - ROAD
3356;Car Rental;PASSENGER TRANSPORT SERVICES - ROAD
3357;HERTZ RENT-A-CAR;PASSENGER TRANSPORT SERVICES - ROAD
3358;Car Rental;PASSENGER TRANSPORT SERVICES - ROAD
3359;PAYLESS CAR RENTAL;PASSENGER TRANSPORT SERVICES - ROAD
3360;SNAPPY CAR RENTAL;PASSENGER TRANSPORT SERVICES - ROAD
3361;AIRWAYS RENT-A-CAR;PASSENGER TRANSPORT SERVICES - ROAD
3362;ALTRA AUTO RENTAL;PASSENGER TRANSPORT SERVICES - ROAD
3363;Car Rental;PASSENGER TRANSPORT SERVICES - ROAD
3364;AGENCY RENT-A-CAR;PASSENGER TRANSPORT SERVICES - ROAD
3365;Car Rental;PASSENGER TRANSPORT SERVICES - ROAD
3366;BUDGET RENT-A-CAR;PASSENGER TRANSPORT SERVICES - ROAD
3367;Car Rental;PASSENGER TRANSPORT SERVICES - ROAD
3368;HOLIDAY RENT-A-WRECK;PASSENGER TRANSPORT SERVICES - ROAD
3369;Car Rental;PASSENGER TRANSPORT SERVICES - ROAD
3370;RENT-A-WRECK;PASSENGER TRANSPORT SERVICES - ROAD
3371;Car Rental;PASSENGER TRANSPORT SERVICES - ROAD
3372;Car Rental;PASSENGER TRANSPORT SERVICES - ROAD
3373;Car Rental;PASSENGER TRANSPORT SERVICES - ROAD
3374;Car Rental;PASSENGER TRANSPORT SERVICES - ROAD
3375;Car Rental;PASSENGER TRANSPORT SERVICES - ROAD
3376;AJAX RENT-A-CAR;PASSENGER TRANSPORT SERVICES - ROAD
3377;Car Rental;PASSENGER TRANSPORT SERVICES - ROAD
3378;Car Rental;PASSENGER TRANSPORT SERVICES - ROAD
3379;Car Rental;PASSENGER TRANSPORT SERVICES - ROAD
3380;Car Rental;PASSENGER TRANSPORT SERVICES - ROAD
3381;EUROP CAR;PASSENGER TRANSPORT SERVICES - ROAD
3382;Car Rental;PASSENGER TRANSPORT SERVICES - ROAD
3383;Car Rental;PASSENGER TRANSPORT SERVICES - ROAD
3384;Car Rental;PASSENGER TRANSPORT SERVICES - ROAD
3385;TROPICAL RENT-A-CAR;PASSENGER TRANSPORT SERVICES - ROAD
3386;SHOWCASE RENTAL CARS;PASSENGER TRANSPORT SERVICES - ROAD
3387;ALAMO RENT-A-CAR;PASSENGER TRANSPORT SERVICES - ROAD
3388;Car Rental;PASSENGER TRANSPORT SERVICES - ROAD
3389;AVIS RENT-A-CAR;PASSENGER TRANSPORT SERVICES - ROAD
3390;DOLLAR RENT-A-CAR;PASSENGER TRANSPORT SERVICES - ROAD
3391;EUROPE BY CAR;PASSENGER TRANSPORT SERVICES - ROAD
3392;Car Rental;PASSENGER TRANSPORT SERVICES - ROAD
3393;NATIONAL CAR RENTAL;PASSENGER TRANSPORT SERVICES - ROAD
3394;KEMWELL GROUP RENT-A-CAR;PASSENGER TRANSPORT SERVICES - ROAD
3395;THRIFTY RENT-A-CAR;PASSENGER TRANSPORT SERVICES - ROAD
3396;TILDEN TENT-A-CAR;PASSENGER TRANSPORT SERVICES - ROAD
3397;Car Rental;PASSENGER TRANSPORT SERVICES - ROAD
3398;ECONO-CAR RENT-A-CAR;PASSENGER TRANSPORT SERVICES - ROAD
3399;Car Rental;PASSENGER TRANSPORT SERVICES - ROAD
3400;AUTO HOST COST CAR RENTALS;PASSENGER TRANSPORT SERVICES - ROAD
3401;Car Rental;PASSENGER TRANSPORT SERVICES - ROAD
3402;Car Rental;PASSENGER TRANSPORT SERVICES - ROAD
3403;Car Rental;PASSENGER TRANSPORT SERVICES - ROAD
3404;Car Rental;PASSENGER TRANSPORT SERVICES - ROAD
3405;ENTERPRISE RENT-A-CAR;PASSENGER TRANSPORT SERVICES - ROAD
3406;Car Rental;PASSENGER TRANSPORT SERVICES - ROAD
3407;Car Rental;PASSENGER TRANSPORT SERVICES - ROAD
3408;Car Rental;PASSENGER TRANSPORT SERVICES - ROAD
3409;GENERAL RENT-A-CAR;PASSENGER TRANSPORT SERVICES - ROAD
3410;Car Rental;PASSENGER TRANSPORT SERVICES - ROAD
3411;Car Rental;PASSENGER TRANSPORT SERVICES - ROAD
3412;A-1 RENT-A-CAR;PASSENGER TRANSPORT SERVICES - ROAD
3413;Car Rental;PASSENGER TRANSPORT SERVICES - ROAD
3414;GODFREY NATL RENT-A-CAR;PASSENGER TRANSPORT SERVICES - ROAD
3415;Car Rental;PASSENGER TRANSPORT SERVICES - ROAD
3416;Car Rental;PASSENGER TRANSPORT SERVICES - ROAD
3417;Car Rental;PASSENGER TRANSPORT SERVICES - ROAD
3418;Car Rental;PASSENGER TRANSPORT SERVICES - ROAD
3419;ALPHA RENT-A-CAR;PASSENGER TRANSPORT SERVICES - ROAD
3420;ANSA INTL RENT-A-CAR;PASSENGER TRANSPORT SERVICES - ROAD
3421;ALLSTAE RENT-A-CAR;PASSENGER TRANSPORT SERVICES - ROAD
3422;Car Rental;PASSENGER TRANSPORT SERVICES - ROAD
3423;AVCAR RENT-A-CAR;PASSENGER TRANSPORT SERVICES - ROAD
3424;Car Rental;PASSENGER TRANSPORT SERVICES - ROAD
3425;AUTOMATE RENT-A-CAR;PASSENGER TRANSPORT SERVICES - ROAD
3426;Car Rental;PASSENGER TRANSPORT SERVICES - ROAD
3427;AVON RENT-A-CAR;PASSENGER TRANSPORT SERVICES - ROAD
3428;CAREY RENT-A-CAR;PASSENGER TRANSPORT SERVICES - ROAD
3429;INSURANCE RENT-A-CAR;PASSENGER TRANSPORT SERVICES - ROAD
3430;MAJOR RENT-A-CAR;PASSENGER TRANSPORT SERVICES - ROAD
3431;REPLACEMENT RENT-A-CAR;PASSENGER TRANSPORT SERVICES - ROAD
3432;RESERVE RENT-A-CAR;PASSENGER TRANSPORT SERVICES - ROAD
3433;UGLY DUCKLING RENT-A-CAR;PASSENGER TRANSPORT SERVICES - ROAD
3434;USA RENT-A-CAR;PASSENGER TRANSPORT SERVICES - ROAD
3435;VALUE RENT-A-CAR;PASSENGER TRANSPORT SERVICES - ROAD
3436;AUTOHANSA RENT-A-CAR;PASSENGER TRANSPORT SERVICES - ROAD
3437;CITE RENT-A-CAR;PASSENGER TRANSPORT SERVICES - ROAD
3438;INTERENT RENT-A-CAR;PASSENGER TRANSPORT SERVICES - ROAD
3439;MILLEVILLE RENT-A-CAR;PASSENGER TRANSPORT SERVICES - ROAD
3440;VIA ROUTE RENT-A-CAR;PASSENGER TRANSPORT SERVICES - ROAD
3441;Car Rental;PASSENGER TRANSPORT SERVICES - ROAD
3501;HOLIDAY INNS, HOLIDAY INN EXPRESS;ACCOMMODATION SERVICES
3502;BEST WESTERN HOTELS;ACCOMMODATION SERVICES
3503;SHERATON HOTELS;ACCOMMODATION SERVICES
3504;HILTON HOTELS;ACCOMMODATION SERVICES
3505;FORTE HOTELS;ACCOMMODATION SERVICES
3506;GOLDEN TULIP HOTELS;ACCOMMODATION SERVICES
3507;FRIENDSHIP INNS;ACCOMMODATION SERVICES
3508;QUALITY INNS, QUALITY SUITES;ACCOMMODATION SERVICES
3509;MARRIOTT HOTELS;ACCOMMODATION SERVICES
3510;DAYS INN, DAYSTOP;ACCOMMODATION SERVICES
3511;ARABELLA HOTELS;ACCOMMODATION SERVICES
3512;INTER-CONTINENTAL HOTELS;ACCOMMODATION SERVICES
3513;WESTIN HOTELS;ACCOMMODATION SERVICES
3514;Hotels/Motels/Inns/Resorts;ACCOMMODATION SERVICES
3515;RODEWAY INNS;ACCOMMODATION SERVICES
3516;LA QUINTA MOTOR INNS;ACCOMMODATION SERVICES
3517;AMERICANA HOTELS;ACCOMMODATION SERVICES
3518;SOL HOTELS;ACCOMMODATION SERVICES
3519;PULLMAN INTERNATIONAL HOTELS;ACCOMMODATION SERVICES
3520;MERIDIEN HOTELS;ACCOMMODATION SERVICES
3521;CREST HOTELS (see FORTE HOTELS);ACCOMMODATION SERVICES
3522;TOKYO HOTEL;ACCOMMODATION SERVICES
3523;PENNSULA HOTEL;ACCOMMODATION SERVICES
3524;WELCOMGROUP HOTELS;ACCOMMODATION SERVICES
3525;DUNFEY HOTELS;ACCOMMODATION SERVICES
3526;Hotels/Motels/Inns/Resorts;ACCOMMODATION SERVICES
3527;DOWNTOWNER-PASSPORT HOTEL;ACCOMMODATION SERVICES
3528;RED LION HOTELS, RED LION INNS;ACCOMMODATION SERVICES
3529;CP HOTELS;ACCOMMODATION SERVICES
3530;RENAISSANCE HOTELS, STOUFFER HOTELS;ACCOMMODATION SERVICES
3531;ASTIR HOTELS;ACCOMMODATION SERVICES
3532;SUN ROUTE HOTELS;ACCOMMODATION SERVICES
3533;HOTEL IBIS;ACCOMMODATION SERVICES
3534;SOUTHERN PACIFIC HOTELS;ACCOMMODATION SERVICES
3535;HILTON INTERNATIONAL;ACCOMMODATION SERVICES
3536;AMFAC HOTELS;ACCOMMODATION SERVICES
3537;ANA HOTEL;ACCOMMODATION SERVICES
3538;CONCORDE HOTELS;ACCOMMODATION SERVICES
3539;Hotels/Motels/Inns/Resorts;ACCOMMODATION SERVICES
3540;IBEROTEL HOTELS;ACCOMMODATION SERVICES
3541;HOTEL OKURA;ACCOMMODATION SERVICES
3542;ROYAL HOTELS;ACCOMMODATION SERVICES
3543;FOUR SEASONS HOTELS;ACCOMMODATION SERVICES
3544;CIGA HOTELS;ACCOMMODATION SERVICES
3545;SHANGRI-LA INTERNATIONAL;ACCOMMODATION SERVICES
3546;Hotels/Motels/Inns/Resorts;ACCOMMODATION SERVICES
3547;Hotels/Motels/Inns/Resorts;ACCOMMODATION SERVICES
3548;HOTELES MELIA;ACCOMMODATION SERVICES
3549;AUBERGE DES GOVERNEURS;ACCOMMODATION SERVICES
3550;REGAL 8 INNS;ACCOMMODATION SERVICES
3551;Hotels/Motels/Inns/Resorts;ACCOMMODATION SERVICES
3552;COAST HOTELS;ACCOMMODATION SERVICES
3553;PARK INNS INTERNATIONAL;ACCOMMODATION SERVICES
3554;Hotels/Motels/Inns/Resorts;ACCOMMODATION SERVICES
3555;Hotels/Motels/Inns/Resorts;ACCOMMODATION SERVICES
3556;Hotels/Motels/Inns/Resorts;ACCOMMODATION SERVICES
3557;Hotels/Motels/Inns/Resorts;ACCOMMODATION SERVICES
3558;JOLLY HOTELS;ACCOMMODATION SERVICES
3559;Hotels/Motels/Inns/Resorts;ACCOMMODATION SERVICES
3560;Hotels/Motels/Inns/Resorts;ACCOMMODATION SERVICES
3561;Hotels/Motels/Inns/Resorts;ACCOMMODATION SERVICES
3562;COMFORT INNS;ACCOMMODATION SERVICES
3563;JOURNEY’S END MOTLS;ACCOMMODATION SERVICES
3564;Hotels/Motels/Inns/Resorts;ACCOMMODATION SERVICES
3565;RELAX INNS;ACCOMMODATION SERVICES
3566;Hotels/Motels/Inns/Resorts;ACCOMMODATION SERVICES
3567;Hotels/Motels/Inns/Resorts;ACCOMMODATION SERVICES
3568;LADBROKE HOTELS;ACCOMMODATION SERVICES
3569;Hotels/Motels/Inns/Resorts;ACCOMMODATION SERVICES
3570;FORUM HOTELS;ACCOMMODATION SERVICES
3571;Hotels/Motels/Inns/Resorts;ACCOMMODATION SERVICES
3572;MIYAKO HOTELS;ACCOMMODATION SERVICES
3573;SANDMAN HOTELS;ACCOMMODATION SERVICES
3574;VENTURE INNS;ACCOMMODATION SERVICES
3575;VAGABOND HOTELS;ACCOMMODATION SERVICES
3576;Hotels/Motels/Inns/Resorts;ACCOMMODATION SERVICES
3577;MANDARIN ORIENTAL HOTEL;ACCOMMODATION SERVICES
3578;Hotels/Motels/Inns/Resorts;ACCOMMODATION SERVICES
3579;HOTEL MERCURE;ACCOMMODATION SERVICES
3580;Hotels/Motels/Inns/Resorts;ACCOMMODATION SERVICES
3581;DELTA HOTEL;ACCOMMODATION SERVICES
3582;Hotels/Motels/Inns/Resorts;ACCOMMODATION SERVICES
3583;SAS HOTELS;ACCOMMODATION SERVICES
3584;PRINCESS HOTELS INTERNATIONAL;ACCOMMODATION SERVICES
3585;HUNGAR HOTELS;ACCOMMODATION SERVICES
3586;SOKOS HOTELS;ACCOMMODATION SERVICES
3587;DORAL HOTELS;ACCOMMODATION SERVICES
3588;HELMSLEY HOTELS;ACCOMMODATION SERVICES
3589;Hotels/Motels/Inns/Resorts;ACCOMMODATION SERVICES
3590;FAIRMONT HOTELS;ACCOMMODATION SERVICES
3591;SONESTA HOTELS;ACCOMMODATION SERVICES
3592;OMNI HOTELS;ACCOMMODATION SERVICES
3593;CUNARD HOTELS;ACCOMMODATION SERVICES
3594;Hotels/Motels/Inns/Resorts;ACCOMMODATION SERVICES
3595;HOSPITALITY INTERNATIONAL;ACCOMMODATION SERVICES
3596;Hotels/Motels/Inns/Resorts;ACCOMMODATION SERVICES
3597;Hotels/Motels/Inns/Resorts;ACCOMMODATION SERVICES
3598;REGENT INTERNATIONAL HOTELS;ACCOMMODATION SERVICES
3599;PANNONIA HOTELS;ACCOMMODATION SERVICES
3600;Hotels/Motels/Inns/Resorts;ACCOMMODATION SERVICES
3601;Hotels/Motels/Inns/Resorts;ACCOMMODATION SERVICES
3602;Hotels/Motels/Inns/Resorts;ACCOMMODATION SERVICES
3603;NOAH’S HOTELS;ACCOMMODATION SERVICES
3604;Hotels/Motels/Inns/Resorts;ACCOMMODATION SERVICES
3605;Hotels/Motels/Inns/Resorts;ACCOMMODATION SERVICES
3606;Hotels/Motels/Inns/Resorts;ACCOMMODATION SERVICES
3607;Hotels/Motels/Inns/Resorts;ACCOMMODATION SERVICES
3608;Hotels/Motels/Inns/Resorts;ACCOMMODATION SERVICES
3609;Hotels/Motels/Inns/Resorts;ACCOMMODATION SERVICES
3610;Hotels/Motels/Inns/Resorts;ACCOMMODATION SERVICES
3611;Hotels/Motels/Inns/Resorts;ACCOMMODATION SERVICES
3612;MOVENPICK HOTELS;ACCOMMODATION SERVICES
3613;Hotels/Motels/Inns/Resorts;ACCOMMODATION SERVICES
3614;Hotels/Motels/Inns/Resorts;ACCOMMODATION SERVICES
3615;TRAVELODGE;ACCOMMODATION SERVICES
3616;Hotels/Motels/Inns/Resorts;ACCOMMODATION SERVICES
3617;Hotels/Motels/Inns/Resorts;ACCOMMODATION SERVICES
3618;Hotels/Motels/Inns/Resorts;ACCOMMODATION SERVICES
3619;Hotels/Motels/Inns/Resorts;ACCOMMODATION SERVICES
3620;TELFORD INTERNATIONAL;ACCOMMODATION SERVICES
3621;Hotels/Motels/Inns/Resorts;ACCOMMODATION SERVICES
3622;MERLIN HOTELS;ACCOMMODATION SERVICES
3623;DORINT HOTELS;ACCOMMODATION SERVICES
3624;Hotels/Motels/Inns/Resorts;ACCOMMODATION SERVICES
3625;HOTLE UNIVERSALE;ACCOMMODATION SERVICES
3626;PRINCE HOTELS;ACCOMMODATION SERVICES
3627;Hotels/Motels/Inns/Resorts;ACCOMMODATION SERVICES
3628;Hotels/Motels/Inns/Resorts;ACCOMMODATION SERVICES
3629;DAN HOTELS;ACCOMMODATION SERVICES
3630;Hotels/Motels/Inns/Resorts;ACCOMMODATION SERVICES
3631;Hotels/Motels/Inns/Resorts;ACCOMMODATION SERVICES
3632;Hotels/Motels/Inns/Resorts;ACCOMMODATION SERVICES
3633;RANK HOTELS;ACCOMMODATION SERVICES
3634;SWISSOTEL;ACCOMMODATION SERVICES
3635;RESO HOTELS;ACCOMMODATION SERVICES
3636;SAROVA HOTELS;ACCOMMODATION SERVICES
3637;RAMADA INNS, RAMADA LIMITED;ACCOMMODATION SERVICES
3638;HO JO INN, HOWARD JOHNSON;ACCOMMODATION SERVICES
3639;MOUNT CHARLOTTE THISTLE;ACCOMMODATION SERVICES
3640;HYATT HOTEL;ACCOMMODATION SERVICES
3641;SOFITEL HOTELS;ACCOMMODATION SERVICES
3642;NOVOTEL HOTELS;ACCOMMODATION SERVICES
3643;STEIGENBERGER HOTELS;ACCOMMODATION SERVICES
3644;ECONO LODGES;ACCOMMODATION SERVICES
3645;QUEENS MOAT HOUSES;ACCOMMODATION SERVICES
3646;SWALLOW HOTELS;ACCOMMODATION SERVICES
3647;HUSA HOTELS;ACCOMMODATION SERVICES
3648;DE VERE HOTELS;ACCOMMODATION SERVICES
3649;RADISSON HOTELS;ACCOMMODATION SERVICES
3650;RED ROOK INNS;ACCOMMODATION SERVICES
3651;IMPERIAL LONDON HOTEL;ACCOMMODATION SERVICES
3652;EMBASSY HOTELS;ACCOMMODATION SERVICES
3653;PENTA HOTELS;ACCOMMODATION SERVICES
3654;LOEWS HOTELS;ACCOMMODATION SERVICES
3655;SCANDIC HOTELS;ACCOMMODATION SERVICES
3656;SARA HOTELS;ACCOMMODATION SERVICES
3657;OBEROI HOTELS;ACCOMMODATION SERVICES
3658;OTANI HOTELS;ACCOMMODATION SERVICES
3659;TAJ HOTELS INTERNATIONAL;ACCOMMODATION SERVICES
3660;KNIGHTS INNS;ACCOMMODATION SERVICES
3661;METROPOLE HOTELS;ACCOMMODATION SERVICES
3662;Hotels/Motels/Inns/Resorts;ACCOMMODATION SERVICES
3663;HOTELES EL PRESIDENTS;ACCOMMODATION SERVICES
3664;FLAG INN;ACCOMMODATION SERVICES
3665;HAMPTON INNS;ACCOMMODATION SERVICES
3666;STAKIS HOTELS;ACCOMMODATION SERVICES
3667;Hotels/Motels/Inns/Resorts;ACCOMMODATION SERVICES
3668;MARITIM HOTELS;ACCOMMODATION SERVICES
3669;Hotels/Motels/Inns/Resorts;ACCOMMODATION SERVICES
3670;ARCARD HOTELS;ACCOMMODATION SERVICES
3671;ARCTIA HOTELS;ACCOMMODATION SERVICES
3672;CAMPANIEL HOTELS;ACCOMMODATION SERVICES
3673;IBUSZ HOTELS;ACCOMMODATION SERVICES
3674;RANTASIPI HOTELS;ACCOMMODATION SERVICES
3675;INTERHOTEL CEDOK;ACCOMMODATION SERVICES
3676;Hotels/Motels/Inns/Resorts;ACCOMMODATION SERVICES
3677;CLIMAT DE FRANCE HOTELS;ACCOMMODATION SERVICES
3678;CUMULUS HOTELS;ACCOMMODATION SERVICES
3679;DANUBIUS HOTEL;ACCOMMODATION SERVICES
3680;Hotels/Motels/Inns/Resorts;ACCOMMODATION SERVICES
3681;ADAMS MARK HOTELS;ACCOMMODATION SERVICES
3682;ALLSTAR INNS;ACCOMMODATION SERVICES
3683;Hotels/Motels/Inns/Resorts;ACCOMMODATION SERVICES
3684;BUDGET HOST INNS;ACCOMMODATION SERVICES
3685;BUDGETEL HOTELS;ACCOMMODATION SERVICES
3686;SUISSE CHALETS;ACCOMMODATION SERVICES
3687;CLARION HOTELS;ACCOMMODATION SERVICES
3688;COMPRI HOTELS;ACCOMMODATION SERVICES
3689;CONSORT HOTELS;ACCOMMODATION SERVICES
3690;COURTYARD BY MARRIOTT;ACCOMMODATION SERVICES
3691;DILLION INNS;ACCOMMODATION SERVICES
3692;DOUBLETREE HOTELS;ACCOMMODATION SERVICES
3693;DRURY INNS;ACCOMMODATION SERVICES
3694;ECONOMY INNS OF AMERICA;ACCOMMODATION SERVICES
3695;EMBASSY SUITES;ACCOMMODATION SERVICES
3696;EXEL INNS;ACCOMMODATION SERVICES
3697;FARFIELD HOTELS;ACCOMMODATION SERVICES
3698;HARLEY HOTELS;ACCOMMODATION SERVICES
3699;MIDWAY MOTOR LODGE;ACCOMMODATION SERVICES
3700;MOTEL 6;ACCOMMODATION SERVICES
3701;GUEST QUARTERS (Formally PICKETT SUITE HOTELS);ACCOMMODATION SERVICES
3702;THE REGISTRY HOTELS;ACCOMMODATION SERVICES
3703;RESIDENCE INNS;ACCOMMODATION SERVICES
3704;ROYCE HOTELS;ACCOMMODATION SERVICES
3705;SANDMAN INNS;ACCOMMODATION SERVICES
3706;SHILO INNS;ACCOMMODATION SERVICES
3707;SHONEY’S INNS;ACCOMMODATION SERVICES
3708;Hotels/Motels/Inns/Resorts;ACCOMMODATION SERVICES
3709;SUPER8 MOTELS;ACCOMMODATION SERVICES
3710;THE RITZ CARLTON HOTELS;ACCOMMODATION SERVICES
3711;FLAG INNS (AUSRALIA);ACCOMMODATION SERVICES
3712;GOLDEN CHAIN HOTEL;ACCOMMODATION SERVICES
3713;QUALITY PACIFIC HOTEL;ACCOMMODATION SERVICES
3714;FOUR SEASONS HOTEL (AUSTRALIA);ACCOMMODATION SERVICES
3715;FARIFIELD INN;ACCOMMODATION SERVICES
3716;CARLTON HOTELS;ACCOMMODATION SERVICES
3717;CITY LODGE HOTELS;ACCOMMODATION SERVICES
3718;KAROS HOTELS;ACCOMMODATION SERVICES
3719;PROTEA HOTELS;ACCOMMODATION SERVICES
3720;SOUTHERN SUN HOTELS;ACCOMMODATION SERVICES
3721;HILTON CONRAD;ACCOMMODATION SERVICES
3722;WYNDHAM HOTEL AND RESORTS;ACCOMMODATION SERVICES
3723;RICA HOTELS;ACCOMMODATION SERVICES
3724;INER NOR HOTELS;ACCOMMODATION SERVICES
3725;SEAINES PLANATION;ACCOMMODATION SERVICES
3726;RIO SUITES;ACCOMMODATION SERVICES
3727;BROADMOOR HOTEL;ACCOMMODATION SERVICES
3728;BALLY’S HOTEL AND CASINO;ACCOMMODATION SERVICES
3729;JOHN ASCUAGA’S NUGGET;ACCOMMODATION SERVICES
3730;MGM GRAND HOTEL;ACCOMMODATION SERVICES
3731;HARRAH’S HOTELS AND CASINOS;ACCOMMODATION SERVICES
3732;OPRYLAND HOTEL;ACCOMMODATION SERVICES
3733;BOCA RATON RESORT;ACCOMMODATION SERVICES
3734;HARVEY/BRISTOL HOTELS;ACCOMMODATION SERVICES
3735;Hotels/Motels/Inns/Resorts;ACCOMMODATION SERVICES
3736;COLORADO BELLE/EDGEWATER RESORT;ACCOMMODATION SERVICES
3737;RIVIERA HOTEL AND CASINO;ACCOMMODATION SERVICES
3738;TROPICANA RESORT AND CASINO;ACCOMMODATION SERVICES
3739;WOODSIDE HOTELS AND RESORTS;ACCOMMODATION SERVICES
3740;TOWNPLACE SUITES;ACCOMMODATION SERVICES
3741;MILLENIUM BROADWAY HOTEL;ACCOMMODATION SERVICES
3742;CLUB MED;ACCOMMODATION SERVICES
3743;BILTMORE HOTEL AND SUITES;ACCOMMODATION SERVICES
3744;CAREFREE RESORTS;ACCOMMODATION SERVICES
3745;ST. REGIS HOTEL;ACCOMMODATION SERVICES
3746;THE ELIOT HOTEL;ACCOMMODATION SERVICES
3747;CLUBCORP/CLUB RESORTS;ACCOMMODATION SERVICES
3748;WELESLEY INNS;ACCOMMODATION SERVICES
3749;THE BEVERLY HILLS HOTEL;ACCOMMODATION SERVICES
3750;CROWNE PLAZA HOTELS;ACCOMMODATION SERVICES
3751;HOMEWOOD SUITES;ACCOMMODATION SERVICES
3752;PEABODY HOTELS;ACCOMMODATION SERVICES
3753;GREENBRIAH RESORTS;ACCOMMODATION SERVICES
3754;AMELIA ISLAND PLANATION;ACCOMMODATION SERVICES
3755;THE HOMESTEAD;ACCOMMODATION SERVICES
3756;SOUTH SEAS RESORTS;ACCOMMODATION SERVICES
3757;Hotels/Motels/Inns/Resorts;ACCOMMODATION SERVICES
3758;Hotels/Motels/Inns/Resorts;ACCOMMODATION SERVICES
3759;Hotels/Motels/Inns/Resorts;ACCOMMODATION SERVICES
3760;Hotels/Motels/Inns/Resorts;ACCOMMODATION SERVICES
3761;Hotels/Motels/Inns/Resorts;ACCOMMODATION SERVICES
3762;Hotels/Motels/Inns/Resorts;ACCOMMODATION SERVICES
3763;Hotels/Motels/Inns/Resorts;ACCOMMODATION SERVICES
3764;Hotels/Motels/Inns/Resorts;ACCOMMODATION SERVICES
3765;Hotels/Motels/Inns/Resorts;ACCOMMODATION SERVICES
3766;Hotels/Motels/Inns/Resorts;ACCOMMODATION SERVICES
3767;Hotels/Motels/Inns/Resorts;ACCOMMODATION SERVICES
3768;Hotels/Motels/Inns/Resorts;ACCOMMODATION SERVICES
3769;Hotels/Motels/Inns/Resorts;ACCOMMODATION SERVICES
3770;Hotels/Motels/Inns/Resorts;ACCOMMODATION SERVICES
3771;Hotels/Motels/Inns/Resorts;ACCOMMODATION SERVICES
3772;Hotels/Motels/Inns/Resorts;ACCOMMODATION SERVICES
3773;Hotels/Motels/Inns/Resorts;ACCOMMODATION SERVICES
3774;Hotels/Motels/Inns/Resorts;ACCOMMODATION SERVICES
3775;Hotels/Motels/Inns/Resorts;ACCOMMODATION SERVICES
3776;Hotels/Motels/Inns/Resorts;ACCOMMODATION SERVICES
3777;Hotels/Motels/Inns/Resorts;ACCOMMODATION SERVICES
3778;Hotels/Motels/Inns/Resorts;ACCOMMODATION SERVICES
3779;Hotels/Motels/Inns/Resorts;ACCOMMODATION SERVICES
3780;Hotels/Motels/Inns/Resorts;ACCOMMODATION SERVICES
3781;Hotels/Motels/Inns/Resorts;ACCOMMODATION SERVICES
3782;Hotels/Motels/Inns/Resorts;ACCOMMODATION SERVICES
3783;Hotels/Motels/Inns/Resorts;ACCOMMODATION SERVICES
3784;Hotels/Motels/Inns/Resorts;ACCOMMODATION SERVICES
3785;Hotels/Motels/Inns/Resorts;ACCOMMODATION SERVICES
3786;Hotels/Motels/Inns/Resorts;ACCOMMODATION SERVICES
3787;Hotels/Motels/Inns/Resorts;ACCOMMODATION SERVICES
3788;Hotels/Motels/Inns/Resorts;ACCOMMODATION SERVICES
3789;Hotels/Motels/Inns/Resorts;ACCOMMODATION SERVICES
3790;Hotels/Motels/Inns/Resorts;ACCOMMODATION SERVICES
3816;Home2Suites;ACCOMMODATION SERVICES
3835;* MASTERS ECONOMY INNS;ACCOMMODATION SERVICES
4011;Railroads;TRANSPORT SERVICES OF GOODS
4111;Local/Suburban Commuter Passenger Transportation – Railroads, Feries, Local Water Transportation.;PASSENGER TRANSPORT SERVICES - PUBLIC
4112;Passenger Railways;PASSENGER TRANSPORT SERVICES - PUBLIC
4119;Ambulance Services;HEALTH SERVICES
4121;Taxicabs and Limousines;PASSENGER TRANSPORT SERVICES - ROAD
4131;Bus Lines, Including Charters, Tour Buses;PASSENGER TRANSPORT SERVICES - ROAD
4214;Motor Freight Carriers, Moving and Storage Companies, Trucking – Local/Long Distance, Delivery Services – Local;TRANSPORT SERVICES OF GOODS
4215;Courier Services – Air or Ground, Freight forwarders;TRANSPORT SERVICES OF GOODS
4225;Public warehousing, Storage;TRANSPORT SERVICES OF GOODS
4411;Cruise and Steamship Lines;ACCOMMODATION SERVICES
4457;Boat Rentals and Leases;CULTURAL AND RECREATIONAL SERVICES
4468;Marinas, Marine Service, and Supplies;CULTURAL AND RECREATIONAL SERVICES
4511;Airlines, Air Carriers ( not listed elsewhere);PASSENGER TRANSPORT SERVICES - AIR
4582;Airports, Airport Terminals, Flying Fields;SERVICES - OTHER
4722;Travel Agencies and Tour Operations;PACKAGE HOLIDAYS
4723;Package Tour Operators (For use in Germany only);PACKAGE HOLIDAYS
4784;Toll and Bridge Fees;SERVICES IN RESPECT OF PERSONAL TRANSPORT EQUIPMENT
4789;Transportation Services, Not elsewhere classified);PASSENGER TRANSPORT SERVICES - PUBLIC
4812;Telecommunications Equipment including telephone sales;INFORMATION AND COMMUNICATION EQUIPMENT
4814;Fax services, Telecommunication Services;INFORMATION AND COMMUNICATION SERVICES
4815;VisaPhone;INFORMATION AND COMMUNICATION SERVICES
4816;Computer Network Services;INFORMATION AND COMMUNICATION SERVICES
4821;Telegraph services;INFORMATION AND COMMUNICATION SERVICES
4829;Money Orders – Wire Transfer;REMITTANCES
4899;Cable and other pay television (previously Cable Services);INFORMATION AND COMMUNICATION SERVICES
4900;Electric, Gas, Sanitary and Water Utilities;UTILITIES
5013;Motor vehicle supplies and new parts;PARTS AND ACCESSORIES FOR PERSONAL TRANSPORT EQUIPMENT
5021;Office and Commercial Furniture;FURNITURE, FURNISHINGS, AND LOOSE CARPETS
5039;Construction Materials, Not Elsewhere Classified;MIXED RETAIL - BUILDING MATERIALS
5044;Office, Photographic, Photocopy, and Microfilm Equipment;INFORMATION AND COMMUNICATION EQUIPMENT
5045;Computers, Computer Peripheral Equipment, Software;INFORMATION AND COMMUNICATION EQUIPMENT
5046;Commercial Equipment, Not Elsewhere Classified;INVESTMENTS - GOODS
5047;Medical, Dental Ophthalmic, Hospital Equipment and Supplies;MEDICINES AND HEALTH PRODUCTS
5051;Metal Service Centers and Offices;SERVICES FOR MAINTENANCE, REPAIR AND SECURITY OF THE DWELLING
5065;Electrical Parts and Equipment;MIXED RETAIL - BUILDING MATERIALS
5072;Hardware Equipment and Supplies;MIXED RETAIL - BUILDING MATERIALS
5074;Plumbing and Heating Equipment and Supplies;MIXED RETAIL - BUILDING MATERIALS
5085;Industrial Supplies, Not Elsewhere Classified;MIXED RETAIL - BUILDING MATERIALS
5094;Precious Stones and Metals, Watches and Jewelry;LUXERY GOODS
5099;Durable Goods, Not Elsewhere Classified;OTHER DURABLE GOODS
5111;Stationery, Office Supplies, Printing, and Writing Paper;PAPER GOODS
5122;Drugs, Drug Proprietors, and Druggist’s Sundries;MEDICINES AND HEALTH PRODUCTS
5131;Piece Goods, Notions, and Other Dry Goods;OTHER NON-DURABLE GOODS
5137;Men’s Women’s and Children’s Uniforms and Commercial Clothing;CLOTHING AND FOOTWEAR
5139;Commercial Footwear;CLOTHING AND FOOTWEAR
5169;Chemicals and Allied Products, Not Elsewhere Classified;OTHER NON-DURABLE GOODS
5172;Petroleum and Petroleum Products;UTILITIES - LIQUID FUELS
5192;Books, Periodicals, and Newspapers;PAPER GOODS
5193;Florists’ Supplies, Nursery Stock and Flowers;GARDEN PRODUCTS AND PETS
5198;Paints, Varnishes, and Supplies;SECURITY EQUIPMENT AND MATERIALS FOR THE MAINTENANCE, REPAIR AND SECURITY OF THE DWELLING
5199;Non-durable Goods, Not Elsewhere Classified;OTHER NON-DURABLE GOODS
5200;Home Supply Warehouse Stores;MIXED RETAIL - BUILDING MATERIALS
5211;Lumber and Building Materials Stores;MIXED RETAIL - BUILDING MATERIALS
5231;Glass, Paint, and Wallpaper Stores;SECURITY EQUIPMENT AND MATERIALS FOR THE MAINTENANCE, REPAIR AND SECURITY OF THE DWELLING
5251;Hardware Stores;MIXED RETAIL - BUILDING MATERIALS
5261;Nurseries – Lawn and Garden Supply Store;GARDEN PRODUCTS AND PETS
5271;Mobile Home Dealers;CULTURAL AND RECREATIONAL DURABLES
5300;Wholesale Clubs;MIXED RETAIL - PERSONAL USE
5309;Duty Free Store;MIXED RETAIL - PERSONAL USE
5310;Discount Stores;MIXED RETAIL - PERSONAL USE
5311;Department Stores;MIXED RETAIL - PERSONAL USE
5331;Variety Stores;MIXED RETAIL - PERSONAL USE
5399;Misc. General Merchandise;MIXED RETAIL - PERSONAL USE
5411;Grocery Stores, Supermarkets;GROCERIES
5422;Meat Provisioners – Freezer and Locker;GROCERIES
5441;Candy, Nut, and Confectionery Stores;GROCERIES
5451;Dairy Products Stores;GROCERIES
5462;Bakeries;GROCERIES
5499;Misc. Food Stores – Convenience Stores and Specialty Markets;GROCERIES
5511;Car and Truck Dealers (New and Used) Sales, Service, Repairs, Parts, and Leasing;PURCHASE OF VEHICLES
5521;Automobile and Truck Dealers (Used Only);PURCHASE OF VEHICLES
5531;Automobile Supply Stores;PARTS AND ACCESSORIES FOR PERSONAL TRANSPORT EQUIPMENT
5532;Automotive Tire Stores;PARTS AND ACCESSORIES FOR PERSONAL TRANSPORT EQUIPMENT
5533;Automotive Parts, Accessories Stores;PARTS AND ACCESSORIES FOR PERSONAL TRANSPORT EQUIPMENT
5541;Service Stations ( with or without ancillary services);FUELS AND LUBRICANTS FOR PERSONAL TRANSPORT EQUIPMENT
5542;Automated Fuel Dispensers;FUELS AND LUBRICANTS FOR PERSONAL TRANSPORT EQUIPMENT
5551;Boat Dealers;CULTURAL AND RECREATIONAL DURABLES
5561;Recreational and Utility Trailers, Camp Dealers;CULTURAL AND RECREATIONAL DURABLES
5571;Motorcycle Dealers;PURCHASE OF VEHICLES
5592;Motor Home Dealers;CULTURAL AND RECREATIONAL DURABLES
5598;Snowmobile Dealers;CULTURAL AND RECREATIONAL DURABLES
5599;Miscellaneous Auto Dealers ;PURCHASE OF VEHICLES
5611;Men’s and Boy’s Clothing and Accessories Stores;CLOTHING AND FOOTWEAR
5621;Women’s Ready-to-Wear Stores;CLOTHING AND FOOTWEAR
5631;Women’s Accessory and Specialty Shops;CLOTHING AND FOOTWEAR
5641;Children’s and Infant’s Wear Stores;CLOTHING AND FOOTWEAR
5651;Family Clothing Stores;CLOTHING AND FOOTWEAR
5655;Sports Apparel, Riding Apparel Stores;CLOTHING AND FOOTWEAR
5661;Shoe Stores;CLOTHING AND FOOTWEAR
5681;Furriers and Fur Shops;CLOTHING AND FOOTWEAR
5691;Men’s and Women’s Clothing Stores;CLOTHING AND FOOTWEAR
5697;Tailors, Seamstress, Mending, and Alterations;SERVICES - OTHER
5698;Wig and Toupee Stores;CLOTHING AND FOOTWEAR
5699;Miscellaneous Apparel and Accessory Shops;CLOTHING AND FOOTWEAR
5712;Furniture, Home Furnishings, and Equipment Stores, ExceptAppliances;FURNITURE, FURNISHINGS, AND LOOSE CARPETS
5713;Floor Covering Stores;HOUSEHOLD TEXTILES, TABLEWARE, AND SMALL APPLIANCES
5714;Drapery, Window Covering and Upholstery Stores;HOUSEHOLD TEXTILES, TABLEWARE, AND SMALL APPLIANCES
5718;Fireplace, Fireplace Screens, and Accessories Stores;HOUSEHOLD TEXTILES, TABLEWARE, AND SMALL APPLIANCES
5719;Miscellaneous Home Furnishing Specialty Stores;HOUSEHOLD TEXTILES, TABLEWARE, AND SMALL APPLIANCES
5722;Household Appliance Stores;HOUSEHOLD APPLIANCES
5732;Electronic Sales;HOUSEHOLD APPLIANCES
5733;Music Stores, Musical Instruments, Piano Sheet Music;CULTURAL AND RECREATIONAL DURABLES
5734;Computer Software Stores;INFORMATION AND COMMUNICATION SERVICES
5735;Record Shops;OTHER CULTURAL AND RECREATIONAL GOODS
5811;Caterers;FOOD AND BEVERAGE SERVING SERVICES
5812;Eating places and Restaurants;FOOD AND BEVERAGE SERVING SERVICES
5813;Drinking Places (Alcoholic Beverages), Bars, Taverns, Cocktail lounges, Nightclubs and Discotheques;FOOD AND BEVERAGE SERVING SERVICES
5814;Fast Food Restaurants;FOOD AND BEVERAGE SERVING SERVICES
5815;Digital Goods: Media, Books, Movies, Music;OTHER CULTURAL AND RECREATIONAL GOODS
5816;Digital Goods: Games;OTHER CULTURAL AND RECREATIONAL GOODS
5817;Digital Goods: Applications (Excludes Games);OTHER CULTURAL AND RECREATIONAL GOODS
5818;Digital Goods: Large Digital Goods Merchant;OTHER CULTURAL AND RECREATIONAL GOODS
5832;Antique Shops – Sales, Repairs, and Restoration Services;SERVICES - OTHER
5912;Drug Stores and Pharmacies;MEDICINES AND HEALTH PRODUCTS
5921;Package Stores – Beer, Wine, and Liquor;ALCOHOLIC BEVERAGES, TOBACCO AND NARCOTICS
5931;Used Merchandise and Secondhand Stores;SECOND-HAND RETAIL
5932;Antique Shops;SECOND-HAND RETAIL
5933;Pawn Shops and Salvage Yards;SECOND-HAND RETAIL
5935;Wrecking and Salvage Yards;SECOND-HAND RETAIL
5937;Antique Reproductions;SECOND-HAND RETAIL
5940;Bicycle Shops – Sales and Service;PURCHASE OF VEHICLES
5941;Sporting Goods Stores;OTHER CULTURAL AND RECREATIONAL GOODS
5942;Book Stores;OTHER CULTURAL AND RECREATIONAL GOODS
5943;Stationery Stores, Office and School Supply Stores;PAPER GOODS
5944;Watch, Clock, Jewelry, and Silverware Stores;LUXERY GOODS
5945;Hobby, Toy, and Game Shops;OTHER CULTURAL AND RECREATIONAL GOODS
5946;Camera and Photographic Supply Stores;CULTURAL AND RECREATIONAL DURABLES
5947;Card Shops, Gift, Novelty, and Souvenir Shops;OTHER NON-DURABLE GOODS
5948;Leather Goods Stores;CLOTHING AND FOOTWEAR
5949;Sewing, Needle, Fabric, and Price Goods Stores;CLOTHING AND FOOTWEAR
5950;Glassware/Crystal Stores;HOUSEHOLD TEXTILES, TABLEWARE, AND SMALL APPLIANCES
5960;Direct Marketing- Insurance Service;INSURANCE
5961;Mail Order Houses Including Catalog Order Stores, Book/Record Clubs (No longer permitted for U.S. original presentments);MIXED RETAIL - PERSONAL USE
5962;Direct Marketing – Travel Related Arrangements Services;PACKAGE HOLIDAYS
5963;Door-to-Door Sales;MIXED RETAIL - PERSONAL USE
5964;Direct Marketing – Catalog Merchant;MIXED RETAIL - PERSONAL USE
5965;Direct Marketing – Catalog and Catalog and Retail Merchant;MIXED RETAIL - PERSONAL USE
5966;Direct Marketing- Outbound Telemarketing Merchant;MIXED RETAIL - PERSONAL USE
5967;Direct Marketing – Inbound Teleservices Merchant;INFORMATION AND COMMUNICATION SERVICES
5968;Direct Marketing – Continuity/Subscription Merchant;MIXED RETAIL - PERSONAL USE
5969;Direct Marketing – Not Elsewhere Classified;MIXED RETAIL - PERSONAL USE
5970;Artist’s Supply and Craft Shops;OTHER NON-DURABLE GOODS
5971;Art Dealers and Galleries;LUXERY GOODS
5972;Stamp and Coin Stores – Philatelic and Numismatic Supplies;LUXERY GOODS
5973;Religious Goods Stores;OTHER CULTURAL AND RECREATIONAL GOODS
5975;Hearing Aids – Sales, Service, and Supply Stores;ASSISTIVE PRODUCTS
5976;Orthopedic Goods Prosthetic Devices;ASSISTIVE PRODUCTS
5977;Cosmetic Stores;PERSONAL CARE PRODUCTS
5978;Typewriter Stores – Sales, Rental, Service;INFORMATION AND COMMUNICATION EQUIPMENT
5983;Fuel – Fuel Oil, Wood, Coal, Liquefied Petroleum;UTILITIES - SOLID FUELS
5992;Florists;GARDEN PRODUCTS AND PETS
5993;Cigar Stores and Stands;ALCOHOLIC BEVERAGES, TOBACCO AND NARCOTICS
5994;News Dealers and Newsstands;PAPER GOODS
5995;Pet Shops, Pet Foods, and Supplies Stores;GARDEN PRODUCTS AND PETS
5996;Swimming Pools – Sales, Service, and Supplies;MIXED RETAIL - BUILDING MATERIALS
5997;Electric Razor Stores – Sales and Service;PERSONAL CARE PRODUCTS
5998;Tent and Awning Shops;FURNITURE, FURNISHINGS, AND LOOSE CARPETS
5999;Miscellaneous and Specialty Retail Stores;OTHER NON-DURABLE GOODS
6010;Financial Institutions – Manual Cash Disbursements;CASH
6011;Financial Institutions – Manual Cash Disbursements;CASH
6012;Financial Institutions – Merchandise and Services;FINANCIAL SERVICES
6051;Non-Financial Institutions – Foreign Currency, Money Orders (not wire transfer) and Travelers Cheques;CASH
6211;Security Brokers/Dealers;FINANCIAL SERVICES
6300;Insurance Sales, Underwriting, and Premiums;INSURANCE
6381;Insurance Premiums, (no longer valid for first presentment work);INSURANCE
6399;Insurance, Not Elsewhere Classified ( no longer valid forfirst presentment work);INSURANCE
6513;Real Estate Agents and Managers - Rentals;FINANCIAL SERVICES
7011;Lodging – Hotels, Motels, Resorts, Central Reservation Services (not elsewhere classified);ACCOMMODATION SERVICES
7012;Timeshares;ACCOMMODATION SERVICES
7032;Sporting and Recreational Camps;CULTURAL AND RECREATIONAL SERVICES
7033;Trailer Parks and Camp Grounds;CULTURAL AND RECREATIONAL SERVICES
7210;Laundry, Cleaning, and Garment Services;SERVICES - OTHER
7211;Laundry – Family and Commercial;SERVICES - OTHER
7216;Dry Cleaners;SERVICES - OTHER
7217;Carpet and Upholstery Cleaning;SERVICES - OTHER
7221;Photographic Studios;CULTURAL AND RECREATIONAL SERVICES
7230;Barber and Beauty Shops;PERSONAL CARE SERVICES
7251;Shop Repair Shops and Shoe Shine Parlors, and Hat Cleaning Shops;SERVICES - OTHER
7261;Funeral Service and Crematories;SERVICES - OTHER
7273;Dating and Escort Services;SERVICES - OTHER
7276;Tax Preparation Service;FINANCIAL SERVICES
7277;Counseling Service – Debt, Marriage, Personal;SERVICES - OTHER
7278;Buying/Shopping Services, Clubs;SERVICES - OTHER
7296;Clothing Rental – Costumes, Formal Wear, Uniforms;SERVICES - OTHER
7297;Massage Parlors;PERSONAL CARE SERVICES
7298;Health and Beauty Shops;PERSONAL CARE SERVICES
7299;Miscellaneous Personal Services ( not elsewhere classifies);SERVICES - OTHER
7311;Advertising Services;SERVICES - OTHER
7321;Consumer Credit Reporting Agencies;FINANCIAL SERVICES
7332;Blueprinting and Photocopying Services;SERVICES - OTHER
7333;Commercial Photography, Art and Graphics;SERVICES - OTHER
7338;Quick Copy, Reproduction and Blueprinting Services;SERVICES - OTHER
7339;Stenographic and Secretarial Support Services;SERVICES - OTHER
7342;Exterminating and Disinfecting Services;DOMESTIC SERVICES AND HOUSEHOLD SERVICES
7349;Cleaning and Maintenance, Janitorial Services;DOMESTIC SERVICES AND HOUSEHOLD SERVICES
7361;Employment Agencies, Temporary Help Services;SERVICES - OTHER
7372;Computer Programming, Integrated Systems Design and Data Processing Services;SERVICES - OTHER
7375;Information Retrieval Services;SERVICES - OTHER
7379;Computer Maintenance and Repair Services, Not Elsewhere Classified;SERVICES - OTHER
7392;Management, Consulting, and Public Relations Services;SERVICES - OTHER
7393;Protective and Security Services – Including Armored Carsand Guard Dogs;SERVICES FOR MAINTENANCE, REPAIR AND SECURITY OF THE DWELLING
7394;Equipment Rental and Leasing Services, Tool Rental, Furniture Rental, and Appliance Rental;SERVICES FOR MAINTENANCE, REPAIR AND SECURITY OF THE DWELLING
7395;Photofinishing Laboratories, Photo Developing;SERVICES - OTHER
7399;Business Services, Not Elsewhere Classified;SERVICES - OTHER
7511;Truck Stop;SERVICES - OTHER
7512;Car Rental Companies ( Not Listed Below);PASSENGER TRANSPORT SERVICES - ROAD
7513;Truck and Utility Trailer Rentals;PASSENGER TRANSPORT SERVICES - ROAD
7519;Motor Home and Recreational Vehicle Rentals;CULTURAL AND RECREATIONAL SERVICES
7523;Automobile Parking Lots and Garages;SERVICES IN RESPECT OF PERSONAL TRANSPORT EQUIPMENT
7531;Automotive Body Repair Shops;SERVICES IN RESPECT OF PERSONAL TRANSPORT EQUIPMENT
7534;Tire Re-treading and Repair Shops;SERVICES IN RESPECT OF PERSONAL TRANSPORT EQUIPMENT
7535;Paint Shops – Automotive;SERVICES IN RESPECT OF PERSONAL TRANSPORT EQUIPMENT
7538;Automotive Service Shops;SERVICES IN RESPECT OF PERSONAL TRANSPORT EQUIPMENT
7542;Car Washes;SERVICES IN RESPECT OF PERSONAL TRANSPORT EQUIPMENT
7549;Towing Services;SERVICES IN RESPECT OF PERSONAL TRANSPORT EQUIPMENT
7622;Radio Repair Shops;SERVICES - OTHER
7623;Air Conditioning and Refrigeration Repair Shops;SERVICES FOR MAINTENANCE, REPAIR AND SECURITY OF THE DWELLING
7629;Electrical And Small Appliance Repair Shops;SERVICES FOR MAINTENANCE, REPAIR AND SECURITY OF THE DWELLING
7631;Watch, Clock, and Jewelry Repair;SERVICES - OTHER
7641;Furniture, Furniture Repair, and Furniture Refinishing;SERVICES FOR MAINTENANCE, REPAIR AND SECURITY OF THE DWELLING
7692;Welding Repair;SERVICES FOR MAINTENANCE, REPAIR AND SECURITY OF THE DWELLING
7699;Repair Shops and Related Services –Miscellaneous;SERVICES - OTHER
7800;Government-Owned Lotteries;CULTURAL AND RECREATIONAL SERVICES
7801;Government-Licensed On-Line Casinos (On-Line Gambling);CULTURAL AND RECREATIONAL SERVICES
7802;Government-Licensed Horse/Dog Racing;CULTURAL AND RECREATIONAL SERVICES
7829;Motion Pictures and Video Tape Production and Distribution;CULTURAL AND RECREATIONAL SERVICES
7832;Motion Picture Theaters;CULTURAL AND RECREATIONAL SERVICES
7841;Video Tape Rental Stores;CULTURAL AND RECREATIONAL SERVICES
7911;Dance Halls, Studios and Schools;CULTURAL AND RECREATIONAL SERVICES
7922;Theatrical Producers (Except Motion Pictures), Ticket Agencies;CULTURAL AND RECREATIONAL SERVICES
7929;Bands, Orchestras, and Miscellaneous Entertainers (Not Elsewhere Classified);CULTURAL AND RECREATIONAL SERVICES
7932;Billiard and Pool Establishments;CULTURAL AND RECREATIONAL SERVICES
7933;Bowling Alleys;CULTURAL AND RECREATIONAL SERVICES
7941;Commercial Sports, Athletic Fields, Professional Sport Clubs, and Sport Promoters;CULTURAL AND RECREATIONAL SERVICES
7991;Tourist Attractions and Exhibits;CULTURAL AND RECREATIONAL SERVICES
7992;Golf Courses – Public;CULTURAL AND RECREATIONAL SERVICES
7993;Video Amusement Game Supplies;CULTURAL AND RECREATIONAL SERVICES
7994;Video Game Arcades/Establishments;CULTURAL AND RECREATIONAL SERVICES
7995;Betting (including Lottery Tickets, Casino Gaming Chips, Off-track Betting and Wagers at Race Tracks);CULTURAL AND RECREATIONAL SERVICES
7996;Amusement Parks, Carnivals, Circuses, Fortune Tellers;CULTURAL AND RECREATIONAL SERVICES
7997;Membership Clubs (Sports, Recreation, Athletic), Country Clubs, and Private Golf Courses;CULTURAL AND RECREATIONAL SERVICES
7998;Aquariums, Sea-aquariums, Dolphinariums;CULTURAL AND RECREATIONAL SERVICES
7999;Recreation Services (Not Elsewhere Classified);CULTURAL AND RECREATIONAL SERVICES
8011;Doctors and Physicians (Not Elsewhere Classified);HEALTH SERVICES
8021;Dentists and Orthodontists;HEALTH SERVICES
8031;Osteopaths;HEALTH SERVICES
8041;Chiropractors;HEALTH SERVICES
8042;Optometrists and Ophthalmologists;HEALTH SERVICES
8043;Opticians, Opticians Goods and Eyeglasses;ASSISTIVE PRODUCTS
8044;Opticians, Optical Goods, and Eyeglasses (no longer validfor first presentments);ASSISTIVE PRODUCTS
8049;Podiatrists and Chiropodists;HEALTH SERVICES
8050;Nursing and Personal Care Facilities;HEALTH SERVICES
8062;Hospitals;HEALTH SERVICES
8071;Medical and Dental Laboratories;HEALTH SERVICES
8099;Medical Services and Health Practitioners (Not Elsewhere Classified);HEALTH SERVICES
8111;Legal Services and Attorneys;SERVICES - OTHER
8211;Elementary and Secondary Schools;EDUCATION - MANDATORY
8220;Colleges, Junior Colleges, Universities, and ProfessionalSchools;EDUCATION - TERTIARY
8241;Correspondence Schools;EDUCATION - OTHER
8244;Business and Secretarial Schools;EDUCATION - OTHER
8249;Vocational Schools and Trade Schools;EDUCATION - OTHER
8299;Schools and Educational Services ( Not Elsewhere Classified);EDUCATION - OTHER
8351;Child Care Services;SOCIAL PROTECTION
8398;Charitable and Social Service Organizations;SOCIAL PROTECTION
8641;Civic, Fraternal, and Social Associations;SERVICES - OTHER
8651;Political Organizations;SERVICES - OTHER
8661;Religious Organizations;SERVICES - OTHER
8675;Automobile Associations;SERVICES - OTHER
8699;Membership Organizations ( Not Elsewhere Classified);SERVICES - OTHER
8734;Testing Laboratories ( non-medical);SERVICES - OTHER
8911;Architectural – Engineering and Surveying Services;SERVICES - OTHER
8931;Accounting, Auditing, and Bookkeeping Services;FINANCIAL SERVICES
8999;Professional Services ( Not Elsewhere Defined);SERVICES - OTHER
9211;Court Costs, including Alimony and Child Support;OTHER NON-DURABLE GOODS
9222;Fines;OTHER NON-DURABLE GOODS
9223;Bail and Bond Payments;OTHER NON-DURABLE GOODS
9311;Tax Payments;TAXES
9399;Government Services ( Not Elsewhere Classified);SERVICES - OTHER
9402;Postal Services – Government Only;SERVICES - OTHER
9405;Intra – Government Transactions;SERVICES - OTHER
9700;Automated Referral Service ( For Visa Only);SERVICES - OTHER
9701;Visa Credential Service ( For Visa Only);SERVICES - OTHER
9702;GCAS Emergency Services ( For Visa Only);SERVICES - OTHER
9950;Intra – Company Purchases ( For Visa Only);SERVICES - OTHER
6534;;FINANCIAL SERVICES
3800;;ACCOMMODATION SERVICES
6532;;FINANCIAL SERVICES
6533;;FINANCIAL SERVICES
9406;;CULTURAL AND RECREATIONAL SERVICES
5552;;FUELS AND LUBRICANTS FOR PERSONAL TRANSPORT EQUIPMENT
6050;;CASH
7322;;FINANCIAL SERVICES
743;;ALCOHOLIC BEVERAGES, TOBACCO AND NARCOTICS
6540;;FINANCIAL SERVICES
5262;;MIXED RETAIL - PERSONAL USE
3811;;ACCOMMODATION SERVICES
3301;;PASSENGER TRANSPORT SERVICES - AIR
3813;;ACCOMMODATION SERVICES
3830;;ACCOMMODATION SERVICES
3812;;ACCOMMODATION SERVICES
3300;;PASSENGER TRANSPORT SERVICES - AIR
3831;;ACCOMMODATION SERVICES
3826;;ACCOMMODATION SERVICES
3807;;ACCOMMODATION SERVICES
3791;;ACCOMMODATION SERVICES
3832;;ACCOMMODATION SERVICES
3829;;ACCOMMODATION SERVICES